rank,prev_rank,name,league,off,def,spi
1,1,Manchester City,Barclays Premier League,3.34,0.24,95.24
2,2,Liverpool,Barclays Premier League,2.95,0.28,92.96
3,3,Bayern Munich,German Bundesliga,3.29,0.46,92.43
4,4,Paris Saint-Germain,French Ligue 1,2.88,0.47,89.55
5,5,Real Madrid,Spanish Primera Division,2.79,0.46,88.98
6,6,Barcelona,Spanish Primera Division,2.82,0.49,88.85
7,7,Chelsea,Barclays Premier League,2.62,0.48,87.16
8,8,Juventus,Italy Serie A,2.56,0.48,86.67
9,9,Atletico Madrid,Spanish Primera Division,2.24,0.34,86.18
10,10,RB Leipzig,German Bundesliga,2.48,0.57,84.07
11,11,FC Salzburg,Austrian T-Mobile Bundesliga,3.06,0.93,83.82
12,12,Ajax,Dutch Eredivisie,3.0,0.91,83.52
13,13,Leicester City,Barclays Premier League,2.19,0.47,82.68
14,14,Tottenham Hotspur,Barclays Premier League,2.43,0.62,82.39
15,15,Borussia Dortmund,German Bundesliga,2.43,0.63,82.21
16,16,Manchester United,Barclays Premier League,2.13,0.48,81.68
17,17,Bayer Leverkusen,German Bundesliga,2.29,0.65,80.01
18,18,Sevilla FC,Spanish Primera Division,2.18,0.59,79.82
19,19,Napoli,Italy Serie A,2.27,0.65,79.8
20,20,Internazionale,Italy Serie A,2.35,0.73,79.27
21,21,Everton,Barclays Premier League,2.01,0.53,78.91
22,22,Zenit St Petersburg,Russian Premier Liga,2.08,0.64,77.37
23,23,Arsenal,Barclays Premier League,2.3,0.79,77.16
24,24,FC Porto,Portuguese Liga,1.98,0.59,76.98
25,25,Real Sociedad,Spanish Primera Division,2.01,0.65,76.14
26,26,Benfica,Portuguese Liga,2.17,0.77,75.87
27,27,Getafe,Spanish Primera Division,1.76,0.5,75.59
28,28,Eintracht Frankfurt,German Bundesliga,2.14,0.79,74.74
29,29,Borussia Monchengladbach,German Bundesliga,2.21,0.85,74.56
30,30,Athletic Bilbao,Spanish Primera Division,1.76,0.55,74.42
31,31,AS Roma,Italy Serie A,2.05,0.76,74.13
32,32,TSG Hoffenheim,German Bundesliga,2.24,0.91,73.76
33,34,Villarreal,Spanish Primera Division,2.15,0.85,73.68
34,35,Wolverhampton,Barclays Premier League,1.83,0.63,73.67
35,36,Atalanta,Italy Serie A,2.21,0.92,73.17
36,37,Lazio,Italy Serie A,2.12,0.87,72.69
37,38,Valencia,Spanish Primera Division,2.09,0.85,72.67
38,39,Lyon,French Ligue 1,1.95,0.76,72.4
39,40,Olympiacos,Greek Super League,2.03,0.82,72.37
40,41,Club Brugge,Belgian Jupiler League,2.06,0.87,71.73
41,33,Flamengo,Brasileiro Série A,1.98,0.81,71.67
42,42,Schalke 04,German Bundesliga,1.96,0.81,71.4
43,43,VfL Wolfsburg,German Bundesliga,1.82,0.72,71.23
44,44,AC Milan,Italy Serie A,1.86,0.75,71.1
45,45,Espanyol,Spanish Primera Division,1.87,0.76,71.04
46,46,Osasuna,Spanish Primera Division,1.81,0.72,70.88
47,47,Eibar,Spanish Primera Division,1.81,0.73,70.66
48,48,AFC Bournemouth,Barclays Premier League,1.99,0.88,70.31
49,49,Shakhtar Donetsk,UEFA Champions League,2.15,1.0,70.23
50,50,Burnley,Barclays Premier League,1.9,0.82,70.07
51,51,Crystal Palace,Barclays Premier League,1.83,0.79,69.54
52,52,Granada,Spanish Primera Division,1.71,0.71,69.37
53,53,AZ,Dutch Eredivisie,2.14,1.04,69.27
54,54,Lille,French Ligue 1,1.79,0.77,69.23
55,55,Basel,Swiss Raiffeisen Super League,2.16,1.07,68.97
56,56,Sheffield United,Barclays Premier League,1.71,0.73,68.72
57,57,Celtic,Scottish Premiership,1.93,0.91,68.45
58,58,FC Krasnodar,Russian Premier Liga,1.89,0.88,68.43
59,59,Brighton and Hove Albion,Barclays Premier League,1.85,0.85,68.39
60,60,Real Betis,Spanish Primera Division,1.86,0.89,67.86
61,61,Fiorentina,Italy Serie A,1.89,0.91,67.85
62,62,Werder Bremen,German Bundesliga,2.03,1.02,67.81
63,63,Watford,Barclays Premier League,1.85,0.88,67.8
64,66,Palmeiras,Brasileiro Série A,1.69,0.76,67.64
65,64,Young Boys,Swiss Raiffeisen Super League,2.33,1.26,67.59
66,65,Celta Vigo,Spanish Primera Division,1.74,0.81,67.26
67,67,Rangers,Scottish Premiership,2.0,1.02,67.15
68,68,Dinamo Zagreb,UEFA Champions League,2.11,1.11,67.14
69,69,PAOK Salonika,Greek Super League,1.99,1.02,67.04
70,70,LASK Linz,Austrian T-Mobile Bundesliga,1.82,0.9,66.76
71,71,Leeds United,English League Championship,1.7,0.81,66.68
72,72,Hertha Berlin,German Bundesliga,1.91,0.99,66.2
73,73,River Plate,Argentina Primera Division,1.79,0.91,65.89
74,74,Leganes,Spanish Primera Division,1.6,0.76,65.85
75,75,West Ham United,Barclays Premier League,1.92,1.03,65.69
76,76,Alavés,Spanish Primera Division,1.72,0.86,65.69
77,77,Aston Villa,Barclays Premier League,1.85,0.97,65.61
78,78,Newcastle,Barclays Premier League,1.71,0.86,65.53
79,79,Dynamo Kiev,UEFA Europa League,1.82,0.95,65.41
80,80,Montpellier,French Ligue 1,1.56,0.75,65.04
81,81,PSV,Dutch Eredivisie,2.1,1.2,64.96
82,82,Marseille,French Ligue 1,1.68,0.86,64.94
83,83,AS Monaco,French Ligue 1,1.85,1.0,64.89
84,84,Fortuna Düsseldorf,German Bundesliga,1.9,1.06,64.32
85,85,Levante,Spanish Primera Division,1.94,1.1,64.23
86,86,CSKA Moscow,Russian Premier Liga,1.7,0.91,64.06
87,87,Southampton,Barclays Premier League,1.83,1.02,64.05
88,88,Angers,French Ligue 1,1.57,0.81,63.85
89,89,SC Freiburg,German Bundesliga,1.78,0.99,63.63
90,91,Grêmio,Brasileiro Série A,1.64,0.88,63.6
91,90,Real Valladolid,Spanish Primera Division,1.66,0.89,63.58
92,92,Sporting CP,Portuguese Liga,1.68,0.92,63.47
93,93,Lokomotiv Moscow,Russian Premier Liga,1.71,0.95,63.31
94,95,Galatasaray,Turkish Turkcell Super Lig,1.76,1.0,63.05
95,96,Bologna,Italy Serie A,1.74,0.99,62.84
96,97,Cagliari,Italy Serie A,1.73,0.99,62.76
97,98,Mallorca,Spanish Primera Division,1.67,0.96,62.29
98,99,Torino,Italy Serie A,1.69,0.98,62.26
99,100,FC Midtjylland,Danish SAS-Ligaen,1.71,0.99,62.24
100,101,Slavia Prague,UEFA Champions League,1.86,1.12,62.23
101,102,Strasbourg,French Ligue 1,1.56,0.87,62.13
102,103,Nantes,French Ligue 1,1.47,0.79,62.07
103,104,Ludogorets,UEFA Europa League,1.73,1.02,61.97
104,105,Fulham,English League Championship,1.71,1.01,61.89
105,106,FC Cologne,German Bundesliga,1.68,0.99,61.77
106,94,Santos,Brasileiro Série A,1.5,0.84,61.51
107,107,Sassuolo,Italy Serie A,1.75,1.07,61.3
108,108,1. FC Union Berlin,German Bundesliga,1.67,1.0,61.12
109,109,FC Augsburg,German Bundesliga,1.84,1.16,60.92
110,110,Sampdoria,Italy Serie A,1.56,0.92,60.89
111,111,Braga,Portuguese Liga,1.65,1.0,60.76
112,112,Mainz,German Bundesliga,1.93,1.25,60.7
113,113,Malmo FF,Swedish Allsvenskan,1.51,0.88,60.68
114,114,Atlético Paranaense,Brasileiro Série A,1.49,0.88,60.25
115,115,Brentford,English League Championship,1.5,0.9,60.16
116,116,Boca Juniors,Argentina Primera Division,1.47,0.87,59.95
117,117,Reims,French Ligue 1,1.34,0.77,59.87
118,118,Stade Rennes,French Ligue 1,1.57,0.97,59.81
119,119,Guangzhou Evergrande,Chinese Super League,1.85,1.22,59.75
120,120,FC Copenhagen,Danish SAS-Ligaen,1.81,1.19,59.73
121,121,Club América,Mexican Primera Division Torneo Apertura,1.62,1.03,59.49
122,122,Shanghai SIPG,Chinese Super League,1.7,1.1,59.43
123,123,St Etienne,French Ligue 1,1.52,0.95,59.36
124,124,Parma,Italy Serie A,1.62,1.05,59.01
125,125,Red Star Belgrade,UEFA Champions League,1.98,1.37,58.95
126,126,Bordeaux,French Ligue 1,1.43,0.89,58.58
127,127,KAA Gent,Belgian Jupiler League,1.76,1.2,58.46
128,128,West Bromwich Albion,English League Championship,1.62,1.08,58.2
129,146,São Paulo,Brasileiro Série A,1.3,0.79,58.03
130,129,Guimaraes,Portuguese Liga,1.51,0.99,57.95
131,130,Los Angeles FC,Major League Soccer,1.98,1.43,57.68
132,131,Istanbul Basaksehir,Turkish Turkcell Super Lig,1.53,1.02,57.59
133,139,Internacional,Brasileiro Série A,1.39,0.9,57.59
134,132,Norwich City,Barclays Premier League,1.69,1.18,57.42
135,133,Genoa,Italy Serie A,1.71,1.2,57.34
136,134,Hammarby,Swedish Allsvenskan,2.13,1.6,57.14
137,135,Apoel Nicosia,UEFA Europa League,1.63,1.14,57.14
138,136,Amiens,French Ligue 1,1.45,0.97,57.09
139,137,Beijing Guoan,Chinese Super League,1.69,1.19,57.06
140,138,Fenerbahce,Turkish Turkcell Super Lig,1.69,1.2,57.03
141,140,Nice,French Ligue 1,1.46,0.99,56.84
142,141,Nimes,French Ligue 1,1.55,1.08,56.78
143,142,Trabzonspor,Turkish Turkcell Super Lig,1.72,1.24,56.74
144,143,Besiktas,Turkish Turkcell Super Lig,1.74,1.26,56.57
145,144,Tigres UANL,Mexican Primera Division Torneo Apertura,1.38,0.93,56.53
146,145,Verona,Italy Serie A,1.48,1.03,56.4
147,147,Udinese,Italy Serie A,1.5,1.06,56.07
148,148,Spartak Moscow,Russian Premier Liga,1.38,0.95,55.99
149,149,Monterrey,Mexican Primera Division Torneo Apertura,1.59,1.15,55.8
150,150,Genk,Belgian Jupiler League,1.69,1.25,55.78
151,151,Santos Laguna,Mexican Primera Division Torneo Apertura,1.66,1.23,55.64
152,152,Standard Liege,Belgian Jupiler League,1.64,1.22,55.49
153,153,Brescia,Italy Serie A,1.54,1.14,55.05
154,154,Wolfsberger AC,Austrian T-Mobile Bundesliga,1.66,1.27,54.74
155,155,Cruz Azul,Mexican Primera Division Torneo Apertura,1.47,1.1,54.41
156,156,Toulouse,French Ligue 1,1.54,1.16,54.36
157,157,Rostov,Russian Premier Liga,1.48,1.11,54.3
158,158,Brondby,Danish SAS-Ligaen,1.84,1.47,54.1
159,159,Spal,Italy Serie A,1.41,1.06,54.01
160,160,Preston North End,English League Championship,1.49,1.14,53.93
161,161,Dijon FCO,French Ligue 1,1.37,1.02,53.89
162,162,Brest,French Ligue 1,1.44,1.1,53.73
163,163,Molde,Norwegian Tippeligaen,1.8,1.45,53.67
164,164,SC Paderborn,German Bundesliga,1.54,1.2,53.58
165,166,Atletico Mineiro,Brasileiro Série A,1.41,1.07,53.56
166,165,Rapid Vienna,Austrian T-Mobile Bundesliga,1.65,1.31,53.49
167,167,Kawasaki Frontale,Japanese J League,1.5,1.18,53.28
168,168,Metz,French Ligue 1,1.37,1.05,53.28
169,170,FK Qarabag,UEFA Europa League,1.48,1.18,52.8
170,171,FC Utrecht,Dutch Eredivisie,1.74,1.43,52.74
171,173,Racing Club,Argentina Primera Division,1.32,1.03,52.61
172,174,Lecce,Italy Serie A,1.61,1.33,52.33
173,169,Cruzeiro,Brasileiro Série A,1.23,0.95,52.32
174,175,Cardiff City,English League Championship,1.47,1.19,52.3
175,172,Bahía,Brasileiro Série A,1.3,1.02,52.3
176,176,Djurgardens IF,Swedish Allsvenskan,1.36,1.08,52.22
177,177,IFK Norrkoping,Swedish Allsvenskan,1.54,1.26,52.21
178,178,Rio Ave,Portuguese Liga,1.47,1.19,52.15
179,179,Pachuca,Mexican Primera Division Torneo Apertura,1.61,1.34,52.14
180,180,AEK Athens,Greek Super League,1.49,1.22,52.13
181,181,Feyenoord,Dutch Eredivisie,1.77,1.49,52.11
182,182,St Gallen,Swiss Raiffeisen Super League,1.71,1.43,51.95
183,183,Ferencvaros,UEFA Europa League,1.51,1.25,51.88
184,184,Fluminense,Brasileiro Série A,1.39,1.14,51.67
185,185,Vitesse,Dutch Eredivisie,1.8,1.54,51.64
186,186,León,Mexican Primera Division Torneo Apertura,1.54,1.3,51.37
187,194,Vasco da Gama,Brasileiro Série A,1.36,1.12,51.3
188,187,FC Arsenal Tula,Russian Premier Liga,1.3,1.07,51.12
189,189,FK Partizan Belgrade,UEFA Europa League,1.45,1.23,50.88
190,191,Ceará,Brasileiro Série A,1.24,1.01,50.83
191,190,Jiangsu Suning FC,Chinese Super League,1.49,1.28,50.79
192,192,Anderlecht,Belgian Jupiler League,1.41,1.2,50.64
193,193,Gazovik Orenburg,Russian Premier Liga,1.4,1.19,50.54
194,195,Hamburg SV,German 2. Bundesliga,1.46,1.26,50.51
195,188,Corinthians,Brasileiro Série A,1.2,0.99,50.34
196,196,Swansea City,English League Championship,1.48,1.29,50.28
197,197,FC Astana,UEFA Europa League,1.52,1.33,50.18
198,198,Stoke City,English League Championship,1.31,1.12,50.08
199,199,Velez Sarsfield,Argentina Primera Division,1.19,1.01,49.89
200,200,Kashima Antlers,Japanese J League,1.39,1.21,49.84
201,201,VfB Stuttgart,German 2. Bundesliga,1.56,1.39,49.69
202,202,Nottingham Forest,English League Championship,1.29,1.12,49.59
203,203,Bristol City,English League Championship,1.45,1.29,49.45
204,204,Yeni Malatyaspor,Turkish Turkcell Super Lig,1.58,1.43,49.35
205,205,Shandong Luneng,Chinese Super League,1.58,1.43,49.21
206,206,Sheffield Wednesday,English League Championship,1.3,1.15,49.09
207,207,Sivasspor,Turkish Turkcell Super Lig,1.56,1.42,49.07
208,208,Hull City,English League Championship,1.42,1.28,48.93
209,209,Huddersfield Town,English League Championship,1.33,1.2,48.53
210,210,AIK,Swedish Allsvenskan,1.29,1.16,48.48
211,211,Necaxa,Mexican Primera Division Torneo Apertura,1.42,1.32,48.17
212,212,Antwerp,Belgian Jupiler League,1.53,1.44,48.09
213,213,Yokohama F. Marinos,Japanese J League,1.6,1.52,47.94
214,214,Atlanta United FC,Major League Soccer,1.47,1.38,47.92
215,215,Birmingham,English League Championship,1.3,1.2,47.88
216,216,Dinamo Moscow,Russian Premier Liga,1.07,0.96,47.86
217,217,Pumas Unam,Mexican Primera Division Torneo Apertura,1.32,1.23,47.74
218,218,Derby County,English League Championship,1.36,1.28,47.53
219,219,Millwall,English League Championship,1.27,1.19,47.48
220,221,CA Independiente,Argentina Primera Division,1.24,1.17,47.27
221,220,Girona FC,Spanish Segunda Division,1.32,1.26,47.16
222,222,Blackburn,English League Championship,1.35,1.29,47.01
223,223,FC Groningen,Dutch Eredivisie,1.22,1.16,46.85
224,224,Queens Park Rangers,English League Championship,1.41,1.36,46.82
225,225,Defensa y Justicia,Argentina Primera Division,1.13,1.07,46.75
226,238,Fortaleza,Brasileiro Série A,1.28,1.23,46.65
227,226,New York City FC,Major League Soccer,1.49,1.46,46.62
228,227,Lanus,Argentina Primera Division,1.26,1.21,46.59
229,228,Boavista,Portuguese Liga,1.09,1.03,46.58
230,229,Querétaro,Mexican Primera Division Torneo Apertura,1.31,1.27,46.48
231,230,CFR 1907 Cluj,UEFA Europa League,1.42,1.39,46.43
232,231,Alanyaspor,Turkish Turkcell Super Lig,1.33,1.3,46.38
233,232,SK Sturm Graz,Austrian T-Mobile Bundesliga,1.31,1.27,46.36
234,233,Slovan Bratislava,UEFA Europa League,1.25,1.23,46.11
235,234,Aris Salonika,Greek Super League,1.39,1.38,46.1
236,235,Santa Clara,Portuguese Liga,1.24,1.23,45.86
237,236,Philadelphia Union,Major League Soccer,1.5,1.51,45.79
238,237,AGF Aarhus,Danish SAS-Ligaen,1.38,1.39,45.55
239,239,Morelia,Mexican Primera Division Torneo Apertura,1.39,1.4,45.51
240,240,Heerenveen,Dutch Eredivisie,1.53,1.56,45.4
241,241,Toronto FC,Major League Soccer,1.49,1.52,45.31
242,242,PFC Oleksandriya,UEFA Europa League,1.32,1.33,45.31
243,243,Banfield,Argentina Primera Division,1.14,1.14,45.18
244,244,FC Ufa,Russian Premier Liga,0.99,0.98,45.15
245,245,Odense BK,Danish SAS-Ligaen,1.32,1.35,45.06
246,246,Sporting de Charleroi,Belgian Jupiler League,1.31,1.34,44.87
247,247,Reading,English League Championship,1.22,1.25,44.79
248,248,Newell's Old Boys,Argentina Primera Division,1.13,1.16,44.66
249,249,Middlesbrough,English League Championship,1.2,1.25,44.46
250,250,Mouscron-Peruwelz,Belgian Jupiler League,1.26,1.31,44.45
251,252,Guadalajara,Mexican Primera Division Torneo Apertura,1.25,1.3,44.36
252,253,Famalicao,Portuguese Liga,1.35,1.42,44.31
253,251,Cadiz,Spanish Segunda Division,1.14,1.18,44.27
254,254,Portimonense,Portuguese Liga,1.22,1.28,44.13
255,255,Rayo Vallecano,Spanish Segunda Division,1.32,1.4,43.87
256,256,Rosenborg,Norwegian Tippeligaen,1.47,1.57,43.87
257,257,Los Angeles Galaxy,Major League Soccer,1.81,1.94,43.78
258,258,Ural Sverdlovsk Oblast,Russian Premier Liga,1.3,1.39,43.75
259,259,Lorient,French Ligue 2,1.26,1.34,43.7
260,260,Heracles,Dutch Eredivisie,1.59,1.7,43.69
261,261,Krylia Sovetov,Russian Premier Liga,1.14,1.21,43.66
262,262,Chicago Fire,Major League Soccer,1.45,1.56,43.52
263,263,Union Santa Fe,Argentina Primera Division,1.12,1.2,43.51
264,264,Terek Grozny,Russian Premier Liga,0.98,1.04,43.43
265,265,Guingamp,French Ligue 2,1.36,1.46,43.39
266,266,Gil Vicente,Portuguese Liga,1.14,1.23,43.34
267,267,FC Tokyo,Japanese J League,1.07,1.15,43.16
268,268,Seattle Sounders FC,Major League Soccer,1.39,1.51,43.13
269,269,SV Zulte Waregem,Belgian Jupiler League,1.41,1.54,43.1
270,270,FC Nordsjaelland,Danish SAS-Ligaen,1.47,1.61,42.87
271,271,FC Tambov,Russian Premier Liga,1.22,1.33,42.82
272,272,Atromitos,Greek Super League,1.24,1.36,42.79
273,273,Argentinos Juniors,Argentina Primera Division,0.99,1.08,42.55
274,274,Sochi,Russian Premier Liga,1.18,1.31,42.54
275,275,Wigan,English League Championship,1.14,1.27,42.4
276,276,Sanfrecce Hiroshima,Japanese J League,1.15,1.28,42.3
277,277,ADO Den Haag,Dutch Eredivisie,1.44,1.61,42.29
278,278,Randers FC,Danish SAS-Ligaen,1.35,1.51,42.28
279,279,Atlético Tucumán,Argentina Primera Division,1.06,1.19,42.12
280,280,Botafogo,Brasileiro Série A,1.08,1.22,42.07
281,281,AaB,Danish SAS-Ligaen,1.26,1.42,41.99
282,282,New York Red Bulls,Major League Soccer,1.41,1.59,41.98
283,283,Arminia Bielefeld,German 2. Bundesliga,1.26,1.42,41.86
284,284,Cerezo Osaka,Japanese J League,0.97,1.09,41.86
285,285,Talleres de Córdoba,Argentina Primera Division,1.04,1.17,41.86
286,286,Arsenal Sarandi,Argentina Primera Division,1.28,1.45,41.82
287,287,Moreirense,Portuguese Liga,1.15,1.31,41.68
288,288,BK Hacken,Swedish Allsvenskan,1.15,1.31,41.67
289,289,Estudiantes,Argentina Primera Division,0.95,1.08,41.65
290,290,Tondela,Portuguese Liga,1.15,1.32,41.64
291,291,Rosario Central,Argentina Primera Division,1.05,1.19,41.63
292,292,Troyes,French Ligue 2,1.02,1.16,41.58
293,293,Pacos Ferreira,Portuguese Liga,1.11,1.27,41.41
294,294,FC Luzern,Swiss Raiffeisen Super League,1.29,1.49,41.37
295,295,Lens,French Ligue 2,1.04,1.2,41.33
296,296,Portland Timbers,Major League Soccer,1.44,1.66,41.32
297,297,San Lorenzo,Argentina Primera Division,1.13,1.31,41.19
298,309,Sydney FC,Australian A-League,1.37,1.58,41.19
299,298,FC Lugano,Swiss Raiffeisen Super League,1.11,1.29,40.99
300,299,FC Dallas,Major League Soccer,1.37,1.6,40.98
301,325,Goiás,Brasileiro Série A,1.16,1.36,40.92
302,300,Sparta,Dutch Eredivisie,1.36,1.6,40.74
303,301,KV Mechelen,Belgian Jupiler League,1.34,1.57,40.71
304,302,Rubin Kazan,Russian Premier Liga,0.84,0.98,40.69
305,303,FK Austria Vienna,Austrian T-Mobile Bundesliga,1.43,1.69,40.51
306,304,Goztepe,Turkish Turkcell Super Lig,1.07,1.28,40.42
307,305,St. Truidense,Belgian Jupiler League,1.2,1.43,40.32
308,306,Arizona United,United Soccer League,1.43,1.71,40.24
309,307,OFI Crete,Greek Super League,1.2,1.44,40.23
310,308,San Jose Earthquakes,Major League Soccer,1.4,1.68,40.13
311,310,Tianjin Teda,Chinese Super League,1.22,1.47,40.09
312,311,Central Córdoba Santiago del Estero,Argentina Primera Division,1.11,1.34,40.06
313,312,Vitoria Setubal,Portuguese Liga,0.93,1.12,39.99
314,313,Hartberg,Austrian T-Mobile Bundesliga,1.51,1.81,39.92
315,314,Shanghai Greenland,Chinese Super League,1.35,1.62,39.86
316,315,Gimnasia La Plata,Argentina Primera Division,1.07,1.3,39.86
317,316,KV Kortrijk,Belgian Jupiler League,1.37,1.65,39.82
318,318,Almeria,Spanish Segunda Division,1.06,1.29,39.78
319,317,Tijuana,Mexican Primera Division Torneo Apertura,1.25,1.52,39.75
320,319,Konyaspor,Turkish Turkcell Super Lig,1.08,1.31,39.69
321,320,Kasimpasa,Turkish Turkcell Super Lig,1.4,1.7,39.64
322,321,Caykur Rizespor,Turkish Turkcell Super Lig,1.23,1.5,39.51
323,322,Desportivo Aves,Portuguese Liga,1.12,1.38,39.45
324,323,Chapecoense AF,Brasileiro Série A,1.05,1.3,39.37
325,324,Charlton Athletic,English League Championship,1.18,1.46,39.25
326,326,Servette,Swiss Raiffeisen Super League,1.19,1.47,39.15
327,327,Aberdeen,Scottish Premiership,1.2,1.49,39.13
328,328,FC Zurich,Swiss Raiffeisen Super League,1.2,1.51,38.77
329,329,Wuhan Zall,Chinese Super League,1.24,1.56,38.69
330,330,Henan Jianye,Chinese Super League,1.21,1.53,38.6
331,331,FC Twente,Dutch Eredivisie,1.35,1.7,38.56
332,332,Minnesota United FC,Major League Soccer,1.25,1.58,38.54
333,333,Puebla,Mexican Primera Division Torneo Apertura,1.14,1.45,38.48
334,334,Dalian Aerbin,Chinese Super League,1.28,1.63,38.37
335,335,Huracán,Argentina Primera Division,0.92,1.18,38.27
336,337,FC Sion,Swiss Raiffeisen Super League,1.3,1.66,38.08
337,338,Belenenses,Portuguese Liga,1.06,1.37,38.06
338,340,Luton Town,English League Championship,1.18,1.52,37.95
339,341,Hannover 96,German 2. Bundesliga,1.23,1.59,37.94
340,342,Bodo/Glimt,Norwegian Tippeligaen,1.42,1.82,37.86
341,343,Panathinaikos,Greek Super League,1.06,1.37,37.85
342,344,Perth Glory,Australian A-League,1.22,1.59,37.71
343,345,Maritimo,Portuguese Liga,1.06,1.39,37.61
344,346,New England Revolution,Major League Soccer,1.36,1.76,37.58
345,347,Toluca,Mexican Primera Division Torneo Apertura,1.09,1.43,37.55
346,339,SD Huesca,Spanish Segunda Division,1.02,1.35,37.5
347,348,Sporting Kansas City,Major League Soccer,1.37,1.78,37.38
348,349,Columbus Crew,Major League Soccer,1.12,1.47,37.36
349,350,Hebei China Fortune FC,Chinese Super League,1.27,1.67,37.25
350,336,CSA,Brasileiro Série A,1.04,1.39,37.19
351,351,Atlas,Mexican Primera Division Torneo Apertura,1.07,1.42,37.14
352,352,Willem II,Dutch Eredivisie,1.35,1.77,37.12
353,353,Real Salt Lake,Major League Soccer,1.01,1.36,36.98
354,355,Colorado Rapids,Major League Soccer,1.36,1.79,36.83
355,356,Patronato,Argentina Primera Division,1.04,1.41,36.75
356,357,1. FC Heidenheim 1846,German 2. Bundesliga,1.13,1.53,36.56
357,359,Gazisehir Gaziantep,Turkish Turkcell Super Lig,1.19,1.62,36.34
358,360,Asteras Tripolis,Greek Super League,0.96,1.33,36.29
359,361,Chongqing Lifan,Chinese Super League,1.13,1.55,36.2
360,362,Holstein Kiel,German 2. Bundesliga,1.2,1.64,36.09
361,363,IFK Goteborg,Swedish Allsvenskan,1.1,1.52,36.01
362,364,1. FC Nürnberg,German 2. Bundesliga,1.21,1.66,36.01
363,365,Gamba Osaka,Japanese J League,1.18,1.62,35.94
364,366,Barnsley,English League Championship,1.17,1.62,35.71
365,358,Málaga,Spanish Segunda Division,0.81,1.16,35.7
366,367,F91 Dudelange,UEFA Europa League,1.43,1.96,35.54
367,368,Mamelodi Sundowns,South African ABSA Premier League,1.0,1.43,35.35
368,369,Cashpoint SC Rheindorf Altach,Austrian T-Mobile Bundesliga,1.27,1.77,35.34
369,370,Colon Santa Fe,Argentina Primera Division,0.95,1.36,35.33
370,371,Sporting Gijón,Spanish Segunda Division,0.91,1.31,35.32
371,354,Melbourne City,Australian A-League,1.2,1.69,35.12
372,373,Oxford United,English League One,1.22,1.72,35.1
373,374,DC United,Major League Soccer,1.14,1.62,35.05
374,375,Sunderland,English League One,1.1,1.57,34.99
375,376,Houston Dynamo,Major League Soccer,1.23,1.74,34.92
376,377,Kaizer Chiefs,South African ABSA Premier League,0.93,1.36,34.78
377,378,Caen,French Ligue 2,1.03,1.5,34.73
378,379,Vissel Kobe,Japanese J League,1.47,2.05,34.71
379,380,PEC Zwolle,Dutch Eredivisie,1.36,1.91,34.66
380,381,Genclerbirligi,Turkish Turkcell Super Lig,1.1,1.58,34.63
381,382,Crotone,Italy Serie B,1.07,1.55,34.57
382,391,Avaí,Brasileiro Série A,0.92,1.37,34.49
383,383,Jahn Regensburg,German 2. Bundesliga,1.29,1.84,34.45
384,384,Ipswich Town,English League One,1.03,1.51,34.43
385,399,Fuenlabrada,Spanish Segunda Division,1.0,1.49,34.21
386,410,Real Monarchs SLC,United Soccer League,1.46,2.08,34.09
387,385,Larissa,Greek Super League,0.93,1.4,34.08
388,386,Neuchatel Xamax,Swiss Raiffeisen Super League,1.16,1.7,34.07
389,387,Shenzhen FC,Chinese Super League,1.11,1.64,34.03
390,388,Chievo Verona,Italy Serie B,1.05,1.56,33.84
391,372,Real Zaragoza,Spanish Segunda Division,1.01,1.51,33.83
392,389,Atlético San Luis,Mexican Primera Division Torneo Apertura,1.01,1.51,33.8
393,390,Consadole Sapporo,Japanese J League,1.16,1.72,33.73
394,392,Orlando City SC,Major League Soccer,1.22,1.79,33.65
395,393,Empoli,Italy Serie B,1.07,1.62,33.51
396,394,Guangzhou RF,Chinese Super League,1.48,2.14,33.41
397,395,VfL Bochum,German 2. Bundesliga,1.2,1.79,33.32
398,397,SV Sandhausen,German 2. Bundesliga,1.06,1.61,33.25
399,398,Bidvest Wits,South African ABSA Premier League,1.0,1.54,33.22
400,400,FC Juárez,Mexican Primera Division Torneo Apertura,0.98,1.51,33.13
401,401,Kristiansund BK,Norwegian Tippeligaen,1.16,1.75,33.07
402,406,Numancia,Spanish Segunda Division,0.84,1.33,32.91
403,403,SD Ponferradina,Spanish Segunda Division,0.99,1.54,32.9
404,404,Tianjin Quanujian,Chinese Super League,1.12,1.72,32.82
405,402,Elche,Spanish Segunda Division,0.97,1.51,32.79
406,405,Benevento,Italy Serie B,0.91,1.44,32.64
407,407,Sochaux,French Ligue 2,0.8,1.3,32.53
408,408,Le Havre,French Ligue 2,0.99,1.56,32.4
409,409,Emmen,Dutch Eredivisie,1.2,1.84,32.27
410,411,Karlsruher SC,German 2. Bundesliga,1.16,1.8,32.17
411,412,Frosinone,Italy Serie B,0.97,1.55,32.1
412,413,Denizlispor,Turkish Turkcell Super Lig,0.91,1.48,31.99
413,414,Pittsburgh Riverhounds,United Soccer League,0.97,1.56,31.99
414,415,Nashville SC,United Soccer League,0.94,1.52,31.95
415,416,Orlando Pirates,South African ABSA Premier League,0.96,1.55,31.93
416,417,Thun,Swiss Raiffeisen Super League,1.16,1.82,31.89
417,418,Montreal Impact,Major League Soccer,1.11,1.76,31.83
418,419,Ankaragucu,Turkish Turkcell Super Lig,0.96,1.56,31.73
419,396,Louisville City FC,United Soccer League,1.17,1.84,31.7
420,420,FC St. Pauli,German 2. Bundesliga,1.04,1.68,31.64
421,421,Kilmarnock,Scottish Premiership,0.84,1.41,31.6
422,422,Haugesund,Norwegian Tippeligaen,1.01,1.64,31.59
423,423,Lamia,Greek Super League,0.84,1.41,31.5
424,424,Antalyaspor,Turkish Turkcell Super Lig,1.07,1.72,31.45
425,425,Esbjerg,Danish SAS-Ligaen,0.98,1.61,31.37
426,426,Auxerre,French Ligue 2,0.84,1.42,31.34
427,427,Godoy Cruz,Argentina Primera Division,0.98,1.62,31.3
428,429,Sonderjyske,Danish SAS-Ligaen,1.06,1.71,31.27
429,449,Albacete,Spanish Segunda Division,0.74,1.29,31.06
430,431,Kayserispor,Turkish Turkcell Super Lig,1.04,1.72,30.97
431,432,SK Brann,Norwegian Tippeligaen,0.79,1.37,30.96
432,433,Viking FK,Norwegian Tippeligaen,1.12,1.81,30.94
433,434,Aldosivi,Argentina Primera Division,0.84,1.44,30.88
434,435,Eupen,Belgian Jupiler League,0.99,1.66,30.78
435,436,Odd BK,Norwegian Tippeligaen,1.04,1.72,30.77
436,437,Peterborough United,English League One,1.22,1.97,30.76
437,428,Las Palmas,Spanish Segunda Division,0.91,1.55,30.71
438,438,Waasland-Beveren,Belgian Jupiler League,1.08,1.77,30.67
439,430,Real Oviedo,Spanish Segunda Division,0.93,1.58,30.64
440,457,Adelaide United,Australian A-League,1.06,1.75,30.6
441,439,SV Mattersburg,Austrian T-Mobile Bundesliga,1.19,1.94,30.58
442,440,Motherwell,Scottish Premiership,1.07,1.78,30.49
443,441,FC Trenkwalder Admira,Austrian T-Mobile Bundesliga,1.21,1.96,30.49
444,444,Tenerife,Spanish Segunda Division,0.87,1.51,30.31
445,442,Lobos de la BUAP,Mexican Primera Division Torneo Clausura,0.98,1.67,30.3
446,456,AD Alcorcon,Spanish Segunda Division,0.82,1.44,30.19
447,445,IF Elfsborg,Swedish Allsvenskan,1.07,1.8,30.15
448,447,Clermont Foot,French Ligue 2,0.86,1.5,30.11
449,448,Nagoya Grampus Eight,Japanese J League,1.13,1.88,30.04
450,450,KV Oostende,Belgian Jupiler League,1.01,1.73,29.94
451,451,Vegalta Sendai,Japanese J League,0.93,1.62,29.86
452,452,Hibernian,Scottish Premiership,1.02,1.75,29.79
453,453,SV Darmstadt 98,German 2. Bundesliga,0.93,1.63,29.74
454,454,Stabaek,Norwegian Tippeligaen,0.89,1.58,29.68
455,443,Melbourne Victory,Australian A-League,1.07,1.84,29.51
456,458,Hobro IK,Danish SAS-Ligaen,0.92,1.63,29.49
457,459,AS Nancy Lorraine,French Ligue 2,0.8,1.46,29.44
458,460,VfL Osnabruck,German 2. Bundesliga,0.89,1.59,29.42
459,455,Western United,Australian A-League,0.97,1.72,29.27
460,461,FC Xanthi,Greek Super League,0.78,1.44,29.15
461,462,RKC,Dutch Eredivisie,1.16,1.98,29.1
462,467,Racing Santander,Spanish Segunda Division,0.87,1.58,29.0
463,463,Fortuna Sittard,Dutch Eredivisie,1.25,2.13,28.85
464,464,SpVgg Greuther Fürth,German 2. Bundesliga,0.95,1.71,28.85
465,466,AC Ajaccio,French Ligue 2,0.69,1.34,28.82
466,465,Rotherham United,English League One,0.9,1.64,28.78
467,446,Deportivo La Coruña,Spanish Segunda Division,0.86,1.58,28.77
468,481,Extremadura UD,Spanish Segunda Division,0.76,1.44,28.74
469,468,Tampa Bay Rowdies,United Soccer League,1.0,1.79,28.71
470,473,Newcastle Jets,Australian A-League,1.07,1.88,28.67
471,469,Lyngby,Danish SAS-Ligaen,1.02,1.82,28.65
472,470,Hearts,Scottish Premiership,0.93,1.69,28.56
473,471,Dynamo Dresden,German 2. Bundesliga,0.93,1.71,28.39
474,472,WSG Swarovski Wattens,Austrian T-Mobile Bundesliga,1.08,1.92,28.38
475,474,Oita Trinita,Japanese J League,0.73,1.43,28.14
476,475,Grenoble,French Ligue 2,0.75,1.46,28.14
477,476,Urawa Red Diamonds,Japanese J League,0.92,1.72,27.95
478,477,Reno 1868 FC,United Soccer League,1.14,2.04,27.93
479,478,Volos NFC,Greek Super League,0.94,1.76,27.82
480,486,Mirandes,Spanish Segunda Division,0.92,1.74,27.63
481,480,Erzgebirge Aue,German 2. Bundesliga,0.96,1.8,27.6
482,482,Perugia,Italy Serie B,0.86,1.66,27.43
483,479,Lugo,Spanish Segunda Division,0.81,1.59,27.41
484,483,Black Aces,South African ABSA Premier League,1.02,1.9,27.37
485,484,Cittadella,Italy Serie B,0.8,1.58,27.21
486,485,Valerenga,Norwegian Tippeligaen,0.93,1.78,27.1
487,487,Doncaster Rovers,English League One,0.94,1.82,26.71
488,488,Portsmouth,English League One,0.86,1.72,26.45
489,489,Paris FC,French Ligue 2,0.63,1.38,26.23
490,490,Sagan Tosu,Japanese J League,0.87,1.75,26.19
491,491,Silkeborg,Danish SAS-Ligaen,1.1,2.08,26.14
492,492,Burton Albion,English League One,0.86,1.74,26.11
493,493,Guizhou Renhe,Chinese Super League,0.95,1.87,26.08
494,494,VVV Venlo,Dutch Eredivisie,1.15,2.16,26.06
495,495,US Pescara,Italy Serie B,0.87,1.76,25.98
496,496,Panetolikos,Greek Super League,0.84,1.73,25.85
497,497,Rodez,French Ligue 2,0.84,1.73,25.85
498,498,Spezia,Italy Serie B,0.8,1.67,25.79
499,499,Shimizu S-Pulse,Japanese J League,1.09,2.1,25.7
500,500,St. Pölten,Austrian T-Mobile Bundesliga,0.95,1.9,25.67
501,501,Wellington Phoenix,Australian A-League,1.08,2.12,25.35
502,502,Cercle Brugge,Belgian Jupiler League,1.02,2.03,25.34
503,503,Livingston,Scottish Premiership,0.87,1.82,25.22
504,504,SV Wehen Wiesbaden,German 2. Bundesliga,0.87,1.82,25.11
505,505,New York Red Bulls II,United Soccer League,1.2,2.31,25.01
506,506,Fleetwood Town,English League One,0.88,1.84,24.95
507,507,Chateauroux,French Ligue 2,0.61,1.42,24.85
508,508,Veracruz,Mexican Primera Division Torneo Apertura,0.87,1.83,24.84
509,509,Panionios,Greek Super League,0.77,1.68,24.81
510,510,Orléans,French Ligue 2,0.79,1.74,24.4
511,511,GIF Sundsvall,Swedish Allsvenskan,0.88,1.88,24.39
512,512,Valenciennes,French Ligue 2,0.7,1.6,24.28
513,513,SuperSport United,South African ABSA Premier League,0.68,1.59,24.09
514,514,Western Sydney FC,Australian A-League,0.94,1.99,24.09
515,515,Vancouver Whitecaps,Major League Soccer,0.93,1.98,24.08
516,516,AC Horsens,Danish SAS-Ligaen,0.77,1.74,24.02
517,525,Wycombe Wanderers,English League One,0.74,1.71,23.78
518,517,Bloem Celtic,South African ABSA Premier League,0.77,1.75,23.72
519,518,North Carolina FC,United Soccer League,0.96,2.08,23.23
520,519,Orebro SK,Swedish Allsvenskan,0.95,2.07,23.22
521,520,Sarpsborg,Norwegian Tippeligaen,0.77,1.79,23.13
522,521,Orange County SC,United Soccer League,0.9,2.0,23.11
523,522,Indy Eleven,United Soccer League,0.64,1.61,22.77
524,523,Cosenza,Italy Serie B,0.67,1.65,22.74
525,524,Le Mans,French Ligue 2,0.77,1.82,22.71
526,526,Cremonese,Italy Serie B,0.66,1.65,22.63
527,527,Niort,French Ligue 2,0.62,1.58,22.54
528,533,Blackpool,English League One,0.72,1.76,22.53
529,528,Tromso,Norwegian Tippeligaen,1.02,2.25,22.12
530,529,IK Sirius,Swedish Allsvenskan,0.84,1.98,22.06
531,530,Salernitana,Italy Serie B,0.68,1.73,22.01
532,531,Highlands Park FC,South African ABSA Premier League,0.64,1.65,22.0
533,554,Brisbane Roar,Australian A-League,0.95,2.17,21.79
534,535,Coventry City,English League One,0.7,1.78,21.64
535,532,FC Cincinnati,Major League Soccer,0.85,2.03,21.63
536,534,San Antonio FC,United Soccer League,1.07,2.38,21.61
537,536,Livorno,Italy Serie B,0.71,1.81,21.4
538,537,Ascoli,Italy Serie B,0.69,1.8,21.19
539,538,Pordenone Calcio,Italy Serie B,0.75,1.9,21.19
540,539,Stromsgodset,Norwegian Tippeligaen,0.9,2.14,21.19
541,540,Virtus Entella,Italy Serie B,0.66,1.76,21.04
542,541,Ross County,Scottish Premiership,0.82,2.02,21.01
543,542,Östersunds FK,Swedish Allsvenskan,0.8,2.0,20.9
544,543,Mjondalen,Norwegian Tippeligaen,0.81,2.01,20.85
545,544,Shonan Bellmare,Japanese J League,0.84,2.09,20.6
546,545,Lillestrom,Norwegian Tippeligaen,0.77,1.99,20.32
547,546,Sacramento Republic FC,United Soccer League,0.75,1.96,20.27
548,547,Bradford City,English League Two,0.72,1.91,20.23
549,548,LA Galaxy II,United Soccer League,0.97,2.34,20.0
550,549,F.B.C Unione Venezia,Italy Serie B,0.64,1.8,19.89
551,550,Austin Bold FC,United Soccer League,0.78,2.05,19.79
552,551,Fresno FC,United Soccer League,0.86,2.18,19.74
553,552,Maritzburg Utd,South African ABSA Premier League,0.48,1.52,19.74
554,553,El Paso Locomotive FC,United Soccer League,0.6,1.76,19.57
555,555,Helsingborgs IF,Swedish Allsvenskan,0.67,1.9,19.47
556,556,Jubilo Iwata,Japanese J League,0.56,1.71,19.17
557,557,Pisa,Italy Serie B,0.67,1.92,18.97
558,558,St Mirren,Scottish Premiership,0.62,1.85,18.77
559,563,Gillingham,English League One,0.62,1.86,18.73
560,559,Matsumoto Yamaga FC,Japanese J League,0.41,1.47,18.72
561,560,Golden Arrows,South African ABSA Premier League,0.55,1.74,18.64
562,561,Chambly Thelle FC,French Ligue 2,0.54,1.72,18.62
563,562,Ranheim,Norwegian Tippeligaen,0.8,2.19,18.51
564,565,Bristol Rovers,English League One,0.59,1.82,18.41
565,566,St Johnstone,Scottish Premiership,0.67,1.99,18.25
566,567,Polokwane City FC,South African ABSA Premier League,0.58,1.84,17.95
567,568,New Mexico United,United Soccer League,0.82,2.29,17.79
568,564,Lincoln City,English League One,0.58,1.86,17.74
569,569,Juve Stabia,Italy Serie B,0.61,1.93,17.65
570,573,Swindon Town,English League Two,0.68,2.07,17.47
571,571,Hamilton Academical,Scottish Premiership,0.7,2.14,17.09
572,572,Charleston Battery,United Soccer League,0.59,1.94,16.89
573,575,Trapani,Italy Serie B,0.61,2.01,16.61
574,576,Shrewsbury Town,English League One,0.42,1.67,16.46
575,583,Scunthorpe,English League Two,0.64,2.07,16.45
576,570,Milton Keynes Dons,English League One,0.57,1.97,16.37
577,574,Cheltenham Town,English League Two,0.62,2.06,16.33
578,578,Portland Timbers 2,United Soccer League,0.99,2.7,16.3
579,579,Loudoun United FC,United Soccer League,0.95,2.65,16.21
580,580,Ottawa Fury FC,United Soccer League,0.59,2.01,16.19
581,577,Central Coast Mariners,Australian A-League,0.75,2.35,15.76
582,582,AmaZulu,South African ABSA Premier League,0.46,1.8,15.74
583,585,Black Leopards,South African ABSA Premier League,0.49,1.92,15.11
584,581,Tranmere Rovers,English League One,0.61,2.18,14.85
585,602,Northampton Town,English League Two,0.59,2.15,14.77
586,588,Baroka FC,South African ABSA Premier League,0.35,1.66,14.61
587,590,Chippa United,South African ABSA Premier League,0.34,1.65,14.5
588,596,Plymouth Argyle,English League Two,0.54,2.08,14.48
589,591,Charlotte Independence,United Soccer League,0.6,2.19,14.44
590,593,Kalmar FF,Swedish Allsvenskan,0.47,1.95,14.35
591,587,Accrington Stanley,English League One,0.49,1.99,14.33
592,594,Vasby United,Swedish Allsvenskan,0.49,1.99,14.3
593,589,Mansfield Town,English League Two,0.58,2.17,14.18
594,586,AFC Wimbledon,English League One,0.51,2.04,14.15
595,584,Forest Green Rovers,English League Two,0.4,1.82,14.05
596,595,Saint Louis FC,United Soccer League,0.45,1.94,13.98
597,592,Exeter City,English League Two,0.48,2.01,13.84
598,597,Oklahoma City Energy FC,United Soccer League,0.58,2.22,13.81
599,598,Rio Grande Valley FC Toros,United Soccer League,0.58,2.22,13.81
600,600,Falkenbergs FF,Swedish Allsvenskan,0.57,2.24,13.42
601,601,Colchester United,English League Two,0.45,2.03,13.09
602,599,Crewe Alexandra,English League Two,0.55,2.29,12.64
603,603,Rochdale,English League One,0.51,2.2,12.64
604,604,Las Vegas Lights FC,United Soccer League,0.57,2.39,12.05
605,605,Salford City,English League Two,0.52,2.28,11.98
606,606,Bolton,English League One,0.46,2.18,11.87
607,607,Hartford Athletic,United Soccer League,0.78,2.88,11.42
608,608,Stellenbosch FC,South African ABSA Premier League,0.33,1.94,11.33
609,609,Oldham Athletic,English League Two,0.47,2.27,11.24
610,610,Swope Park Rangers,United Soccer League,0.68,2.87,9.98
611,611,Birmingham Legion FC,United Soccer League,0.39,2.26,9.95
612,612,Southend United,English League One,0.58,2.7,9.79
613,613,Bethlehem Steel FC,United Soccer League,0.71,2.98,9.62
614,615,Newport County,English League Two,0.21,1.89,9.2
615,616,Atlanta United 2,United Soccer League,0.62,2.88,9.09
616,617,Tacoma Defiance,United Soccer League,0.57,2.78,9.08
617,618,Memphis 901 FC,United Soccer League,0.32,2.23,8.92
618,620,Tulsa Roughnecks,United Soccer League,0.47,2.63,8.56
619,614,Leyton Orient,English League Two,0.38,2.43,8.51
620,621,Grimsby Town,English League Two,0.28,2.21,8.32
621,619,Cambridge United,English League Two,0.25,2.13,8.32
622,622,Crawley Town,English League Two,0.38,2.52,7.96
623,623,Carlisle United,English League Two,0.34,2.45,7.7
624,625,Port Vale,English League Two,0.23,2.18,7.65
625,624,Stevenage,English League Two,0.2,2.11,7.52
626,627,Macclesfield,English League Two,0.2,2.26,6.58
627,626,Walsall,English League Two,0.2,2.29,6.42
628,628,Morecambe,English League Two,0.2,2.4,5.84
629,629,Colorado Springs Switchbacks FC,United Soccer League,0.2,2.45,5.6
